<?xml version="1.0" encoding="utf-8"?>
<q1:CreditNote xmlns="urn:oasis:names:specification:ubl:schema:xsd:Invoice-2" 
    xmlns:ext="urn:oasis:names:specification:ubl:schema:xsd:CommonExtensionComponents-2" 
    xmlns:cac="urn:oasis:names:specification:ubl:schema:xsd:CommonAggregateComponents-2" 
    xmlns:cbc="urn:oasis:names:specification:ubl:schema:xsd:CommonBasicComponents-2" 
    xmlns:cctc="urn:un:unece:uncefact:documentation:2" 
    xmlns:ds="http://www.w3.org/2000/09/xmldsig#" 
    xmlns:qdt="urn:oasis:names:specification:ubl:schema:xsd:QualifiedDatatypes-2" 
    xmlns:ubltr="urn:oasis:names:specification:ubl:schema:xsd:TurkishCustomizationExtensionComponents" 
    xmlns:udt="urn:un:unece:uncefact:data:specification:UnqualifiedDataTypesSchemaModule:2" 
    xmlns:xades="http://uri.etsi.org/01903/v1.3.2#" 
    xmlns:xsi="http://www.w3.org/2001/XMLSchema-instance" 
    xmlns:q1="urn:oasis:names:specification:ubl:schema:xsd:CreditNote-2">
    <cbc:UBLVersionID>2.1</cbc:UBLVersionID>
    <cbc:CustomizationID>TR1.2</cbc:CustomizationID>
    <cbc:ProfileID>EARSIVBELGE</cbc:ProfileID>
    <cbc:ID>EMM2020000000333</cbc:ID>
    <cbc:CopyIndicator>false</cbc:CopyIndicator>
    <cbc:IssueDate>2020-04-17</cbc:IssueDate>
    <cbc:IssueTime>16:08:28.6065577+03:00</cbc:IssueTime>
    <cbc:UUID>06E89A32-EF42-4F63-80A0-0033BD1947B1</cbc:UUID>
    <cbc:CreditNoteTypeCode>MUSTAHSILMAKBUZ</cbc:CreditNoteTypeCode>
    <cbc:Note />
    <cbc:Note>Yalnız #Yüz Seksen Beş Türk Lirası#</cbc:Note>
    <cbc:DocumentCurrencyCode>TRY</cbc:DocumentCurrencyCode>
    <cbc:TaxCurrencyCode>TRY</cbc:TaxCurrencyCode>
    <cbc:PricingCurrencyCode>TRY</cbc:PricingCurrencyCode>
    <cbc:PaymentCurrencyCode>TRY</cbc:PaymentCurrencyCode>
    <cbc:PaymentAlternativeCurrencyCode>TRY</cbc:PaymentAlternativeCurrencyCode>
    <cbc:LineCountNumeric>2</cbc:LineCountNumeric>
    <cac:AdditionalDocumentReference>
        <cbc:ID>FitInvoice</cbc:ID>
        <cbc:IssueDate>2020-04-21</cbc:IssueDate>
        <cbc:DocumentType>false</cbc:DocumentType>
    </cac:AdditionalDocumentReference>
    <cac:AdditionalDocumentReference>
        <cbc:ID>SendType</cbc:ID>
        <cbc:IssueDate>2020-04-21</cbc:IssueDate>
        <cbc:DocumentType>KAGIT</cbc:DocumentType>
    </cac:AdditionalDocumentReference>
    <cac:AdditionalDocumentReference>
        <cbc:ID>IsInternetSale</cbc:ID>
        <cbc:IssueDate>2020-04-21</cbc:IssueDate>
        <cbc:DocumentType>false</cbc:DocumentType>
    </cac:AdditionalDocumentReference>
    <cac:AdditionalDocumentReference>
        <cbc:ID>HideDespatchMessage</cbc:ID>
        <cbc:IssueDate>2020-04-21</cbc:IssueDate>
        <cbc:DocumentType>false</cbc:DocumentType>
    </cac:AdditionalDocumentReference>
    <cac:AccountingSupplierParty>
        <cac:Party>
            <cbc:WebsiteURI>http://www.eplatform.com.tr</cbc:WebsiteURI>
            <cac:PartyIdentification>
                <cbc:ID schemeID="VKN">1234567803</cbc:ID>
            </cac:PartyIdentification>
            <cac:PartyIdentification>
                <cbc:ID schemeID="TICARETSICILNO">33222223</cbc:ID>
            </cac:PartyIdentification>
            <cac:PartyIdentification>
                <cbc:ID schemeID="MERSISNO">122221</cbc:ID>
            </cac:PartyIdentification>
            <cac:PartyName>
                <cbc:Name>Test Anonim Şirketi</cbc:Name>
            </cac:PartyName>
            <cac:PostalAddress>
                <cbc:Room>100</cbc:Room>
                <cbc:StreetName>XYZ</cbc:StreetName>
                <cbc:BuildingName>323</cbc:BuildingName>
                <cbc:BuildingNumber>555</cbc:BuildingNumber>
                <cbc:CitySubdivisionName>Atasehir1</cbc:CitySubdivisionName>
                <cbc:CityName>İstanbul</cbc:CityName>
                <cbc:PostalZone>23333</cbc:PostalZone>
                <cbc:Region>Anadolu</cbc:Region>
                <cac:Country>
                    <cbc:Name>Türkiye</cbc:Name>
                </cac:Country>
            </cac:PostalAddress>
            <cac:PartyTaxScheme>
                <cac:TaxScheme>
                    <cbc:Name>KADIKÖY VERGİ DAİRESİ</cbc:Name>
                </cac:TaxScheme>
            </cac:PartyTaxScheme>
            <cac:Contact>
                <cbc:Telephone>5341234567</cbc:Telephone>
                <cbc:Telefax>1233333334</cbc:Telefax>
                <cbc:ElectronicMail>bstest@eplatform.com.tr</cbc:ElectronicMail>
            </cac:Contact>
        </cac:Party>
    </cac:AccountingSupplierParty>
    <cac:AccountingCustomerParty>
        <cac:Party>
            <cbc:WebsiteURI />
            <cac:PartyIdentification>
                <cbc:ID schemeID="VKN">1234578201</cbc:ID>
            </cac:PartyIdentification>
            <cac:PartyName>
                <cbc:Name>test</cbc:Name>
            </cac:PartyName>
            <cac:PostalAddress>
                <cbc:Room />
                <cbc:StreetName />
                <cbc:BuildingName />
                <cbc:BuildingNumber />
                <cbc:CitySubdivisionName>test</cbc:CitySubdivisionName>
                <cbc:CityName>testsehir</cbc:CityName>
                <cbc:PostalZone />
                <cbc:Region />
                <cac:Country>
                    <cbc:Name>Türkiye</cbc:Name>
                </cac:Country>
            </cac:PostalAddress>
            <cac:PartyTaxScheme>
                <cac:TaxScheme>
                    <cbc:Name />
                </cac:TaxScheme>
            </cac:PartyTaxScheme>
            <cac:Contact>
                <cbc:Telephone />
                <cbc:Telefax />
                <cbc:ElectronicMail />
            </cac:Contact>
        </cac:Party>
    </cac:AccountingCustomerParty>
    <cac:TaxExchangeRate>
        <cbc:SourceCurrencyCode>TRY</cbc:SourceCurrencyCode>
        <cbc:TargetCurrencyCode>TRY</cbc:TargetCurrencyCode>
        <cbc:CalculationRate>0</cbc:CalculationRate>
        <cbc:Date>2020-04-17</cbc:Date>
    </cac:TaxExchangeRate>
    <cac:PricingExchangeRate>
        <cbc:SourceCurrencyCode>TRY</cbc:SourceCurrencyCode>
        <cbc:TargetCurrencyCode>TRY</cbc:TargetCurrencyCode>
        <cbc:CalculationRate>0</cbc:CalculationRate>
        <cbc:Date>2020-04-17</cbc:Date>
    </cac:PricingExchangeRate>
    <cac:PaymentExchangeRate>
        <cbc:SourceCurrencyCode>TRY</cbc:SourceCurrencyCode>
        <cbc:TargetCurrencyCode>TRY</cbc:TargetCurrencyCode>
        <cbc:CalculationRate>0</cbc:CalculationRate>
        <cbc:Date>2020-04-17</cbc:Date>
    </cac:PaymentExchangeRate>
    <cac:PaymentAlternativeExchangeRate>
        <cbc:SourceCurrencyCode>TRY</cbc:SourceCurrencyCode>
        <cbc:TargetCurrencyCode>TRY</cbc:TargetCurrencyCode>
        <cbc:CalculationRate>0</cbc:CalculationRate>
        <cbc:Date>2020-04-17</cbc:Date>
    </cac:PaymentAlternativeExchangeRate>
    <cac:TaxTotal>
        <cbc:TaxAmount currencyID="TRY">422.00</cbc:TaxAmount>
        <cac:TaxSubtotal>
            <cbc:TaxableAmount currencyID="TRY">77.00</cbc:TaxableAmount>
            <cbc:TaxAmount currencyID="TRY">157.00</cbc:TaxAmount>
            <cbc:Percent>12</cbc:Percent>
            <cac:TaxCategory>
                <cac:TaxScheme>
                    <cbc:Name>GV STOPAJI</cbc:Name>
                    <cbc:TaxTypeCode>0003</cbc:TaxTypeCode>
                </cac:TaxScheme>
            </cac:TaxCategory>
        </cac:TaxSubtotal>
        <cac:TaxSubtotal>
            <cbc:TaxableAmount currencyID="TRY">11.00</cbc:TaxableAmount>
            <cbc:TaxAmount currencyID="TRY">220.00</cbc:TaxAmount>
            <cbc:Percent>20</cbc:Percent>
            <cac:TaxCategory>
                <cac:TaxScheme>
                    <cbc:Name>MERA FONU</cbc:Name>
                    <cbc:TaxTypeCode>9040</cbc:TaxTypeCode>
                </cac:TaxScheme>
            </cac:TaxCategory>
        </cac:TaxSubtotal>
        <cac:TaxSubtotal>
            <cbc:TaxableAmount currencyID="TRY">66.00</cbc:TaxableAmount>
            <cbc:TaxAmount currencyID="TRY">45.00</cbc:TaxAmount>
            <cbc:Percent>15</cbc:Percent>
            <cac:TaxCategory>
                <cac:TaxScheme>
                    <cbc:Name>MERA FONU</cbc:Name>
                    <cbc:TaxTypeCode>9040</cbc:TaxTypeCode>
                </cac:TaxScheme>
            </cac:TaxCategory>
        </cac:TaxSubtotal>
    </cac:TaxTotal>
    <cac:LegalMonetaryTotal>
        <cbc:LineExtensionAmount currencyID="TRY">77.00</cbc:LineExtensionAmount>
        <cbc:TaxExclusiveAmount currencyID="TRY">77.00</cbc:TaxExclusiveAmount>
        <cbc:TaxInclusiveAmount currencyID="TRY">342.00</cbc:TaxInclusiveAmount>
        <cbc:AllowanceTotalAmount currencyID="TRY">0.00</cbc:AllowanceTotalAmount>
        <cbc:PayableAmount currencyID="TRY">185.00</cbc:PayableAmount>
    </cac:LegalMonetaryTotal>
    <cac:CreditNoteLine>
        <cbc:ID>1</cbc:ID>
        <cbc:CreditedQuantity unitCode="C62">1</cbc:CreditedQuantity>
        <cbc:LineExtensionAmount currencyID="TRY">11.00</cbc:LineExtensionAmount>
        <cac:TaxTotal>
            <cbc:TaxAmount currencyID="TRY">341.00</cbc:TaxAmount>
            <cac:TaxSubtotal>
                <cbc:TaxableAmount currencyID="TRY">11.00</cbc:TaxableAmount>
                <cbc:TaxAmount currencyID="TRY">121.00</cbc:TaxAmount>
                <cbc:Percent>12</cbc:Percent>
                <cac:TaxCategory>
                    <cac:TaxScheme>
                        <cbc:Name>GV STOPAJI</cbc:Name>
                        <cbc:TaxTypeCode>0003</cbc:TaxTypeCode>
                    </cac:TaxScheme>
                </cac:TaxCategory>
            </cac:TaxSubtotal>
            <cac:TaxSubtotal>
                <cbc:TaxableAmount currencyID="TRY">11.00</cbc:TaxableAmount>
                <cbc:TaxAmount currencyID="TRY">220.00</cbc:TaxAmount>
                <cbc:Percent>20</cbc:Percent>
                <cac:TaxCategory>
                    <cac:TaxScheme>
                        <cbc:Name>MERA FONU</cbc:Name>
                        <cbc:TaxTypeCode>9040</cbc:TaxTypeCode>
                    </cac:TaxScheme>
                </cac:TaxCategory>
            </cac:TaxSubtotal>
        </cac:TaxTotal>
        <cac:AllowanceCharge>
            <cbc:ChargeIndicator>false</cbc:ChargeIndicator>
            <cbc:MultiplierFactorNumeric>0</cbc:MultiplierFactorNumeric>
            <cbc:Amount currencyID="TRY">0.00</cbc:Amount>
        </cac:AllowanceCharge>
        <cac:Item>
            <cbc:Name>testsmm</cbc:Name>
        </cac:Item>
        <cac:Price>
            <cbc:PriceAmount currencyID="TRY">11</cbc:PriceAmount>
        </cac:Price>
    </cac:CreditNoteLine>
    <cac:CreditNoteLine>
        <cbc:ID>2</cbc:ID>
        <cbc:CreditedQuantity unitCode="C62">3</cbc:CreditedQuantity>
        <cbc:LineExtensionAmount currencyID="TRY">66.00</cbc:LineExtensionAmount>
        <cac:TaxTotal>
            <cbc:TaxAmount currencyID="TRY">81.00</cbc:TaxAmount>
            <cac:TaxSubtotal>
                <cbc:TaxableAmount currencyID="TRY">66.00</cbc:TaxableAmount>
                <cbc:TaxAmount currencyID="TRY">36.00</cbc:TaxAmount>
                <cbc:Percent>12</cbc:Percent>
                <cac:TaxCategory>
                    <cac:TaxScheme>
                        <cbc:Name>GV STOPAJI</cbc:Name>
                        <cbc:TaxTypeCode>0003</cbc:TaxTypeCode>
                    </cac:TaxScheme>
                </cac:TaxCategory>
            </cac:TaxSubtotal>
            <cac:TaxSubtotal>
                <cbc:TaxableAmount currencyID="TRY">66.00</cbc:TaxableAmount>
                <cbc:TaxAmount currencyID="TRY">45.00</cbc:TaxAmount>
                <cbc:Percent>15</cbc:Percent>
                <cac:TaxCategory>
                    <cac:TaxScheme>
                        <cbc:Name>MERA FONU</cbc:Name>
                        <cbc:TaxTypeCode>9040</cbc:TaxTypeCode>
                    </cac:TaxScheme>
                </cac:TaxCategory>
            </cac:TaxSubtotal>
        </cac:TaxTotal>
        <cac:AllowanceCharge>
            <cbc:ChargeIndicator>false</cbc:ChargeIndicator>
            <cbc:MultiplierFactorNumeric>0</cbc:MultiplierFactorNumeric>
            <cbc:Amount currencyID="TRY">0.00</cbc:Amount>
        </cac:AllowanceCharge>
        <cac:Item>
            <cbc:Name>testsmm2</cbc:Name>
        </cac:Item>
        <cac:Price>
            <cbc:PriceAmount currencyID="TRY">22</cbc:PriceAmount>
        </cac:Price>
    </cac:CreditNoteLine>
</q1:CreditNote>